brand,km_driven,fuel,owner,selling_price
Honda,55707,Petrol,Second Owner,194985
Tata,121727,Diesel,First Owner,261339
Toyota,221524,Diesel,Third Owner,714366
Maruti,144531,Petrol,Fourth & Above Owner,441755
Hyundai,53482,LPG,First Owner,292707
Hyundai,42776,Petrol,First Owner,678624
Nissan,17290,Petrol,First Owner,600443
Maruti,58481,Diesel,Second Owner,207964
Hyundai,183874,Petrol,First Owner,525065
Hyundai,108497,Petrol,Second Owner,247211
Renault,46318,Diesel,First Owner,229286
Mahindra,214070,Diesel,Third Owner,510696
Renault,146944,Petrol,First Owner,465433
Hyundai,182395,Petrol,Second Owner,488658
Maruti,197870,Petrol,Second Owner,672094
Hyundai,113585,Diesel,First Owner,927394
Maruti,79703,CNG,Second Owner,633109
Hyundai,73718,Diesel,First Owner,641828
Maruti,174962,CNG,Second Owner,166651
Maruti,16179,Diesel,First Owner,684945
Renault,88038,Petrol,First Owner,788001
Mahindra,143580,Petrol,Second Owner,267367
Skoda,54536,Petrol,First Owner,291653
Jeep,81692,Petrol,First Owner,1100312
Toyota,128466,Petrol,Second Owner,294809
Toyota,136683,Petrol,First Owner,666181
Hyundai,171931,Petrol,Second Owner,902854
Honda,84935,Petrol,Second Owner,541789
Hyundai,122747,Petrol,First Owner,539245
Mahindra,93947,Diesel,Second Owner,389768
Toyota,178384,Diesel,Second Owner,316161
Mahindra,191503,Diesel,Fourth & Above Owner,242540
Kia,79076,Petrol,Second Owner,659213
Ford,42630,Diesel,First Owner,942831
Mahindra,227988,CNG,Fourth & Above Owner,314541
Maruti,87569,Petrol,First Owner,597415
Hyundai,102191,Petrol,Second Owner,298644
Tata,149028,Petrol,Second Owner,709115
Nissan,73972,Diesel,First Owner,311472
Mahindra,47734,Petrol,First Owner,303672
Maruti,67859,LPG,First Owner,500211
Ford,196000,Petrol,First Owner,273418
Renault,103229,Diesel,Second Owner,207920
Mahindra,29971,Diesel,First Owner,1069843
Ford,44781,Petrol,First Owner,479852
Maruti,142183,Petrol,Second Owner,661528
Toyota,118454,Petrol,First Owner,758601
Toyota,58538,Petrol,First Owner,444904
Hyundai,163340,Petrol,Second Owner,206431
Isuzu,167750,Petrol,First Owner,636102
Toyota,158690,Diesel,First Owner,354209
Renault,72719,Petrol,Fourth & Above Owner,555140
Mitsubishi,145170,Petrol,First Owner,843299
Toyota,121768,Diesel,First Owner,761533
Honda,137623,Petrol,First Owner,866400
Honda,128165,Petrol,Second Owner,191018
Maruti,75436,Petrol,Second Owner,364900
Maruti,160384,Diesel,Second Owner,839446
Honda,52298,Petrol,First Owner,912577
Toyota,189406,Petrol,Second Owner,272777
Tata,84657,Petrol,Second Owner,497218
Honda,56615,Petrol,First Owner,858257
Ford,135793,Petrol,Second Owner,189036
Maruti,116785,Petrol,First Owner,704759
Maruti,68676,Petrol,First Owner,703174
Hyundai,79175,Petrol,Third Owner,198762
Maruti,163008,LPG,First Owner,626212
Renault,110483,Petrol,First Owner,403224
Nissan,108853,Petrol,First Owner,427259
Skoda,54651,CNG,First Owner,380140
Maruti,163998,Petrol,First Owner,248285
Nissan,184637,Petrol,First Owner,252745
Toyota,92328,Petrol,First Owner,455501
Maruti,137082,Petrol,First Owner,715601
Toyota,63179,Petrol,First Owner,1006264
Tata,241767,Petrol,Third Owner,329356
Toyota,68406,Petrol,Second Owner,478487
Toyota,21917,Diesel,Third Owner,784111
Maruti,148446,Petrol,First Owner,776239
Hyundai,215130,CNG,Third Owner,521322
Maruti,154841,Diesel,Second Owner,231899
Hyundai,92199,Diesel,First Owner,349406
Chevrolet,190906,CNG,First Owner,425236
Toyota,103499,LPG,Third Owner,195174
Maruti,45229,Petrol,First Owner,224176
Tata,157247,Petrol,Second Owner,537820
Renault,144139,Petrol,Third Owner,373473
Ford,148819,Petrol,First Owner,814618
Hyundai,79503,Petrol,Second Owner,256129
Maruti,22783,Petrol,First Owner,484719
Honda,44663,CNG,Second Owner,347132
Hyundai,59832,Petrol,First Owner,900215
Volkswagen,38128,Diesel,First Owner,1149887
Maruti,26227,Petrol,Second Owner,684395
Mercedes-Benz,119988,Petrol,First Owner,713895
Tata,92259,CNG,Fourth & Above Owner,466367
Maruti,149238,Petrol,First Owner,452092
Audi,42006,Diesel,Second Owner,1716348
Hyundai,133743,Petrol,First Owner,531213
Ford,47333,Diesel,Third Owner,742848
Honda,152318,Diesel,Second Owner,203880
Toyota,174706,CNG,First Owner,303863
Toyota,63138,Diesel,Fourth & Above Owner,505202
Toyota,260184,CNG,Fourth & Above Owner,614662
Maruti,71102,Petrol,Second Owner,483144
Hyundai,173779,Petrol,Fourth & Above Owner,425681
Mahindra,115010,Diesel,Fourth & Above Owner,541537
Ford,200846,Petrol,Second Owner,728920
Maruti,154237,Diesel,First Owner,820777
Maruti,38062,Petrol,Second Owner,613825
Renault,209552,Diesel,Third Owner,546257
Volkswagen,76407,Diesel,First Owner,326854
Honda,24113,Petrol,First Owner,866855
Renault,165077,Diesel,First Owner,633340
Hyundai,64375,Diesel,First Owner,413195
Maruti,149969,CNG,Third Owner,608863
Ford,166787,Diesel,First Owner,832960
Skoda,34357,Diesel,Second Owner,831164
Mahindra,107659,Diesel,First Owner,907829
Tata,19286,Diesel,First Owner,954640
Nissan,115307,Petrol,First Owner,283787
Toyota,171919,Petrol,First Owner,392679
Toyota,197327,Diesel,Second Owner,617646
Honda,113089,LPG,First Owner,427795
Ford,165994,LPG,Second Owner,444485
Honda,85505,Diesel,First Owner,1047046
Audi,141973,Petrol,Third Owner,951716
Nissan,33687,CNG,Second Owner,368041
Lexus,28484,Petrol,Fourth & Above Owner,736545
Hyundai,154183,Petrol,First Owner,876436
Honda,90077,Petrol,Third Owner,577106
Volkswagen,122904,Diesel,Third Owner,605362
Honda,46811,Diesel,Third Owner,407958
Hyundai,127603,Diesel,First Owner,932794
Toyota,34298,Petrol,Second Owner,333841
Jeep,166745,Petrol,Second Owner,1061320
Honda,21114,Diesel,First Owner,519973
Land Rover,72893,Petrol,First Owner,692260
Renault,64157,Petrol,First Owner,640884
Tata,226471,Diesel,Second Owner,765674
Maruti,146102,CNG,Third Owner,412377
Fiat,205654,Petrol,Fourth & Above Owner,277366
Maruti,126047,Petrol,Fourth & Above Owner,161576
Fiat,105856,CNG,First Owner,650971
Honda,87705,Diesel,Second Owner,849912
Maruti,65997,Petrol,First Owner,611341
Volkswagen,17242,Petrol,First Owner,382816
Maruti,182969,Diesel,First Owner,428998
MG,99119,Petrol,First Owner,1001827
Maruti,139937,Petrol,Second Owner,534862
Maruti,151693,Diesel,Second Owner,740179
Nissan,175629,Diesel,Fourth & Above Owner,118098
Mitsubishi,206230,Diesel,First Owner,670882
Maruti,200531,Petrol,Second Owner,442721
Renault,148303,CNG,Second Owner,368966
Hyundai,83399,Diesel,First Owner,975861
Tata,54490,Petrol,First Owner,482879
Honda,168990,Petrol,First Owner,601949
Maruti,25697,Petrol,Second Owner,397039
Honda,140695,CNG,Second Owner,196155
Tata,201690,Diesel,Second Owner,549220
Mahindra,76022,Petrol,First Owner,1043501
Datsun,125506,Diesel,Second Owner,300615
Tata,151051,Petrol,First Owner,285971
Kia,125473,Diesel,Fourth & Above Owner,677724
Toyota,78913,Petrol,Second Owner,593025
Mahindra,71141,Petrol,First Owner,566283
Tata,129009,Petrol,Third Owner,577398
Hyundai,45604,Diesel,First Owner,1024253
Tata,162461,Diesel,First Owner,430889
Hyundai,150460,Diesel,Third Owner,487866
Hyundai,50570,Petrol,First Owner,405322
Maruti,177171,Diesel,First Owner,663632
Volvo,65753,Petrol,First Owner,1459694
Ford,67923,Petrol,Second Owner,182495
Ford,93913,Petrol,Second Owner,312461
Maruti,64876,Petrol,Second Owner,213363
Maruti,132129,Diesel,First Owner,651988
Hyundai,157407,Petrol,Second Owner,205577
Maruti,6085,Diesel,Test Drive Car,1844426
Honda,104575,LPG,First Owner,657009
Maruti,16488,Petrol,First Owner,411942
Honda,101312,CNG,First Owner,288158
Toyota,162750,Diesel,First Owner,368182
Hyundai,101527,Petrol,First Owner,749580
Honda,172160,Petrol,First Owner,777091
Tata,70320,Diesel,Fourth & Above Owner,466458
Hyundai,78101,Diesel,Third Owner,475255
Maruti,100304,Petrol,Third Owner,221674
Mahindra,21116,Petrol,First Owner,373621
Honda,196374,Diesel,First Owner,770292
Tata,86504,Diesel,First Owner,833773
Toyota,28465,Diesel,First Owner,1285788
Mahindra,28693,Petrol,First Owner,700089
Hyundai,47847,Petrol,First Owner,767081
Tata,82291,Diesel,Second Owner,715869
Toyota,148787,Petrol,Second Owner,944845
Tata,182028,CNG,First Owner,297958
Kia,42600,CNG,First Owner,843782
Toyota,47443,Petrol,First Owner,813938
Hyundai,92440,Petrol,Third Owner,657140
Mahindra,113254,Petrol,First Owner,517249
Maruti,158575,CNG,First Owner,382489
Mercedes-Benz,136225,Petrol,First Owner,419863
Land Rover,60102,Diesel,Fourth & Above Owner,1498468
Hyundai,58959,CNG,First Owner,639361
Fiat,65128,Petrol,Fourth & Above Owner,421826
Tata,88231,Petrol,First Owner,214383
Toyota,75148,LPG,Second Owner,433054
Hyundai,95538,Petrol,First Owner,293999
Porsche,6311,Petrol,Test Drive Car,1986446
Volkswagen,60897,CNG,Second Owner,315757
Maruti,162785,Petrol,Second Owner,432792
Honda,38363,Petrol,First Owner,558115
Honda,135315,Petrol,Second Owner,599730
Hyundai,156679,Petrol,Third Owner,591725
Ford,229292,Petrol,Second Owner,276854
Maruti,33298,Petrol,First Owner,314122
Skoda,220054,Petrol,Third Owner,716698
Honda,63907,Petrol,First Owner,639383
Maruti,49083,Petrol,First Owner,627565
Nissan,121358,Petrol,First Owner,213728
Renault,87878,CNG,First Owner,791493
Mitsubishi,173601,Diesel,First Owner,534127
MG,135302,Petrol,Third Owner,695463
Ford,197007,CNG,First Owner,607170
Skoda,205761,Diesel,Second Owner,934876
MG,160021,Petrol,First Owner,1170248
Renault,205171,Diesel,Third Owner,603483
Hyundai,41821,Petrol,Second Owner,449638
Renault,80010,Petrol,First Owner,401794
Hyundai,162467,Petrol,Fourth & Above Owner,256666
Hyundai,160264,Petrol,Second Owner,543914
Hyundai,144124,Petrol,First Owner,366765
Ford,193557,CNG,Second Owner,467084
Ford,162629,Petrol,First Owner,294589
Tata,209484,Diesel,Second Owner,698309
Maruti,221946,Diesel,Second Owner,491716
Maruti,35739,Petrol,Second Owner,541850
Tata,181012,Petrol,First Owner,857386
Maruti,141809,Petrol,Second Owner,698970
Renault,131893,Petrol,Third Owner,675767
Maruti,92414,Diesel,First Owner,659778
Honda,33514,Diesel,Second Owner,674122
Maruti,112660,Diesel,First Owner,836707
MG,50666,Diesel,First Owner,752345
Honda,67775,Diesel,First Owner,383253
Honda,29508,Diesel,First Owner,1113296
Hyundai,131962,Petrol,First Owner,956129
Renault,54959,Petrol,First Owner,178457
Chevrolet,28027,Petrol,First Owner,603129
Honda,153614,Diesel,First Owner,471425
Toyota,63310,CNG,First Owner,327385
Hyundai,191132,LPG,First Owner,481106
Maruti,113952,Petrol,First Owner,900284
Jeep,87915,Diesel,Second Owner,880415
BMW,141860,Diesel,First Owner,857248
Fiat,164783,Diesel,Second Owner,659141
Hyundai,213672,Petrol,Third Owner,294379
Nissan,94575,Petrol,First Owner,742449
Renault,233492,LPG,Second Owner,260428
Toyota,201812,Petrol,Second Owner,343838
Maruti,210288,CNG,Third Owner,594125
Ford,128775,Petrol,First Owner,701826
Hyundai,133478,CNG,First Owner,655133
Tata,138704,Petrol,Third Owner,603483
Tata,89238,Diesel,First Owner,436709
Honda,86224,LPG,Second Owner,212269
Volkswagen,126006,Petrol,Fourth & Above Owner,477232
Mahindra,141471,Diesel,Second Owner,1021973
Maruti,77378,Petrol,First Owner,748039
Honda,157403,Diesel,First Owner,620818
Hyundai,29644,LPG,First Owner,533724
Maruti,105993,Petrol,First Owner,208780
Honda,76083,Diesel,First Owner,857021
Ford,188556,LPG,First Owner,715366
Hyundai,196441,Petrol,Second Owner,699845
Honda,63018,Petrol,First Owner,457537
Tata,32359,LPG,First Owner,335681
Honda,45150,Petrol,First Owner,667475
Tata,78033,Petrol,First Owner,875315
Toyota,18308,Petrol,Second Owner,327366
Tata,101504,Petrol,First Owner,876111
BMW,181013,Diesel,First Owner,2128756
Honda,36042,Petrol,First Owner,578398
Mahindra,82498,Diesel,Third Owner,618263
Tata,158530,Diesel,First Owner,298923
Tata,73246,Petrol,First Owner,519727
Toyota,102403,Petrol,Third Owner,782228
Ford,198544,Diesel,Second Owner,718352
Tata,120237,Petrol,Second Owner,769086
Maruti,168714,Petrol,First Owner,231532
Maruti,111295,CNG,Second Owner,229997
Maruti,188179,CNG,Second Owner,178994
Isuzu,113617,Diesel,First Owner,1006898
Maruti,33041,Diesel,Third Owner,659567
Hyundai,137208,Petrol,First Owner,278874
Mahindra,157062,Petrol,First Owner,862566
Honda,189873,Petrol,First Owner,988234
Honda,45718,Petrol,Second Owner,634520
Mercedes-Benz,35579,Diesel,First Owner,864353
Tata,106413,Diesel,Second Owner,221288
Mahindra,81977,Petrol,First Owner,969819
Mahindra,81273,Petrol,First Owner,774465
Ford,123795,Petrol,First Owner,612895
Chevrolet,160845,Petrol,Second Owner,561206
Tata,153195,Diesel,First Owner,277547
Skoda,155537,LPG,Second Owner,747338
Tata,36029,Diesel,First Owner,696483
BMW,170543,CNG,First Owner,781415
Hyundai,61243,Petrol,Second Owner,664295
Tata,193558,Petrol,Second Owner,853397
Hyundai,207186,Petrol,Second Owner,180329
Toyota,171344,Petrol,Second Owner,212007
Hyundai,167777,Diesel,First Owner,992004
Honda,116181,Petrol,Third Owner,422651
Lexus,226876,LPG,Second Owner,559458
Honda,96956,Petrol,Third Owner,346391
MG,64679,Petrol,First Owner,1042040
Tata,157647,Diesel,First Owner,761702
Maruti,31029,Petrol,First Owner,407960
Hyundai,225623,Petrol,Fourth & Above Owner,338154
Mitsubishi,229981,Petrol,Third Owner,388021
Mercedes-Benz,63328,Diesel,First Owner,1789369
Skoda,207645,Petrol,Second Owner,737178
Maruti,159165,Petrol,First Owner,568025
Hyundai,61345,Diesel,Second Owner,478320
Tata,180653,Diesel,First Owner,570050
Mitsubishi,142505,Petrol,Third Owner,517077
Maruti,94829,Petrol,First Owner,271232
Honda,159473,Petrol,First Owner,576884
Land Rover,55746,Petrol,First Owner,982909
Renault,213302,Petrol,Third Owner,204077
Hyundai,151847,Diesel,First Owner,956480
Skoda,207904,Diesel,Third Owner,215280
Mahindra,4552,Petrol,Test Drive Car,2096718
Mahindra,52514,Diesel,First Owner,573121
Renault,204089,Diesel,Second Owner,401866
Hyundai,146670,Petrol,First Owner,622711
Renault,18354,Diesel,First Owner,908452
Renault,139004,Petrol,First Owner,307429
Mahindra,168531,Diesel,First Owner,445497
Hyundai,154197,Petrol,First Owner,223965
Jaguar,135169,Petrol,First Owner,1129322
Land Rover,31170,Petrol,Second Owner,1843191
Mahindra,123330,Petrol,Second Owner,708980
Renault,27907,Diesel,First Owner,496650
Maruti,155725,Diesel,First Owner,554724
Nissan,98149,Diesel,Second Owner,623992
Maruti,236377,Petrol,Third Owner,619145
Honda,51506,Petrol,Fourth & Above Owner,444272
Renault,84722,Petrol,Second Owner,488687
Mahindra,120946,Petrol,Second Owner,740987
Maruti,16735,Diesel,First Owner,353121
Hyundai,68921,Petrol,First Owner,874551
Maruti,50978,Petrol,First Owner,573525
Honda,61752,Diesel,Third Owner,610453
Maruti,57909,Diesel,Third Owner,559877
Maruti,158363,Petrol,First Owner,540846
Toyota,28004,Petrol,Second Owner,791164
Honda,261703,Petrol,Fourth & Above Owner,495769
Mahindra,55771,Diesel,First Owner,468373
Toyota,123697,Diesel,First Owner,1095114
Hyundai,200583,CNG,First Owner,249944
Tata,191145,Diesel,First Owner,707870
Ford,162700,CNG,Third Owner,587727
MG,83490,Diesel,Third Owner,690702
Tata,113683,Diesel,First Owner,923433
Hyundai,106446,Petrol,Fourth & Above Owner,193314
Tata,78606,Petrol,Second Owner,649325
Maruti,55349,Petrol,First Owner,363920
Porsche,233569,CNG,Third Owner,1629135
Volkswagen,42079,Petrol,First Owner,921166
Honda,226925,Petrol,Third Owner,166762
Maruti,182654,Petrol,First Owner,601796
Ford,35659,Diesel,Third Owner,485846
Toyota,194444,Diesel,Third Owner,576423
Kia,152668,Diesel,First Owner,404626
Honda,82180,Petrol,First Owner,284429
Maruti,201053,Petrol,Third Owner,249985
Maruti,24834,Diesel,Fourth & Above Owner,208004
Tata,116813,Diesel,First Owner,561068
Mahindra,39975,CNG,First Owner,932005
Ford,89425,Petrol,First Owner,633823
Honda,242913,Petrol,Fourth & Above Owner,605289
Mahindra,67210,Petrol,First Owner,875642
Hyundai,113373,Petrol,First Owner,698378
Toyota,96868,Diesel,First Owner,868007
Toyota,173517,Diesel,First Owner,571363
Renault,52823,Diesel,First Owner,734996
Maruti,109959,Diesel,First Owner,949096
Tata,34711,Petrol,Third Owner,570864
Chevrolet,41391,Petrol,First Owner,654303
Mahindra,118494,Diesel,First Owner,538169
Nissan,36765,Petrol,First Owner,591795
Toyota,122761,Petrol,First Owner,861364
Kia,156433,Petrol,First Owner,458761
Honda,117344,Diesel,First Owner,1181008
Skoda,166030,Diesel,Second Owner,256643
Honda,216496,Diesel,Fourth & Above Owner,331977
Ford,30897,Petrol,Third Owner,572157
Hyundai,51623,Diesel,First Owner,595001
Hyundai,111220,Petrol,First Owner,667059
Hyundai,136113,CNG,First Owner,275522
Datsun,220712,Diesel,Fourth & Above Owner,471213
Tata,103009,Petrol,First Owner,447850
Toyota,65395,Petrol,First Owner,768037
Maruti,89727,Petrol,Second Owner,553575
Maruti,44195,Petrol,Third Owner,445526
Toyota,163215,Petrol,First Owner,999937
Ford,157423,Petrol,First Owner,716340
Honda,162098,Diesel,First Owner,569154
Maruti,182256,Diesel,Third Owner,713158
Maruti,130497,Petrol,First Owner,243771
Datsun,75345,Diesel,First Owner,407193
Mahindra,134328,CNG,First Owner,769977
Tata,79803,LPG,First Owner,237541
Honda,95777,CNG,First Owner,376187
Chevrolet,116858,Petrol,Second Owner,558718
BMW,74563,Petrol,Second Owner,768187
Honda,122237,Diesel,Fourth & Above Owner,283410
Jeep,85868,Petrol,First Owner,786839
Maruti,51610,Diesel,Third Owner,225528
Hyundai,216930,Diesel,Second Owner,203110
Hyundai,222715,Diesel,Third Owner,592088
Maruti,112164,Petrol,Second Owner,732440
Toyota,134549,Diesel,First Owner,932531
Maruti,88416,Diesel,Second Owner,265660
Toyota,144194,Diesel,Second Owner,784269
Volkswagen,119352,Petrol,Second Owner,956949
Honda,147702,Diesel,First Owner,882660
Mahindra,15526,Petrol,First Owner,447793
Maruti,51953,CNG,Third Owner,616843
Hyundai,74384,CNG,Second Owner,346015
Hyundai,195732,Petrol,Second Owner,346198
Toyota,79411,Diesel,Second Owner,652650
Mahindra,114722,Petrol,First Owner,431186
Ford,172140,Petrol,First Owner,299809
Tata,100963,Diesel,Third Owner,451988
Tata,53910,Petrol,First Owner,178960
Mahindra,135295,Petrol,First Owner,971427
Mahindra,103345,Diesel,First Owner,588284
Tata,149032,Petrol,First Owner,302694
Tata,33337,Petrol,Second Owner,389588
Maruti,165571,Petrol,First Owner,500302
Hyundai,127389,CNG,Second Owner,370331
Ford,147715,Diesel,Third Owner,818241
Jeep,98871,CNG,Fourth & Above Owner,788869
Honda,66578,Petrol,First Owner,517211
Hyundai,170702,Diesel,Second Owner,724673
Maruti,117506,Petrol,First Owner,687340
Tata,56872,Diesel,First Owner,1026177
Maruti,132374,Diesel,Third Owner,689853
Ford,30865,Petrol,First Owner,505073
Mitsubishi,116228,Diesel,Second Owner,468948
Maruti,113236,CNG,First Owner,634897
Mahindra,133014,Petrol,Second Owner,798498
Honda,115305,Diesel,First Owner,228960
Toyota,90832,Petrol,Second Owner,264039
Maruti,158960,Diesel,Fourth & Above Owner,186030
Hyundai,161447,Petrol,Second Owner,205401
Honda,160432,Diesel,First Owner,298004
BMW,189549,LPG,Second Owner,1733032
Mahindra,112726,Petrol,First Owner,534140
Chevrolet,134489,Diesel,First Owner,309462
Maruti,54091,Petrol,First Owner,845690
Ford,107551,Petrol,First Owner,746251
Maruti,195890,Petrol,Second Owner,640867
Maruti,146270,Petrol,First Owner,798199
Toyota,195393,Petrol,First Owner,799609
Honda,266629,Diesel,Fourth & Above Owner,413723
Mahindra,79082,Petrol,First Owner,705708
Honda,117144,Petrol,First Owner,492557
Hyundai,186050,Diesel,Second Owner,317560
Toyota,138965,LPG,First Owner,828253
Honda,154613,LPG,Second Owner,560373
Maruti,186622,CNG,Second Owner,150120
Tata,82282,CNG,Third Owner,532209
Mahindra,86349,Diesel,Second Owner,908046
Mahindra,123973,CNG,Second Owner,234883
Hyundai,78057,Petrol,First Owner,954455
Hyundai,82551,Petrol,First Owner,855860
Jaguar,167547,Diesel,Fourth & Above Owner,404509
Maruti,83830,CNG,First Owner,621954
Hyundai,103269,Petrol,Second Owner,597916
Mercedes-Benz,18686,Diesel,First Owner,1876096
Ford,39988,Petrol,First Owner,327181
Ford,6056,Petrol,Test Drive Car,571165
Hyundai,63973,Diesel,Third Owner,349510
Maruti,102201,Petrol,First Owner,786574
Toyota,163219,Diesel,Second Owner,241926
Toyota,48563,Diesel,First Owner,729629
Maruti,129442,Diesel,First Owner,523488
Mahindra,16922,Petrol,First Owner,493189
Hyundai,124488,Petrol,First Owner,215574
Mahindra,45768,CNG,Second Owner,360287
Tata,105263,Diesel,First Owner,400611
Honda,27333,Petrol,First Owner,851283
Honda,81098,Petrol,First Owner,512576
Ford,30738,Petrol,First Owner,454751
Toyota,114404,Petrol,Fourth & Above Owner,356287
Toyota,102185,Petrol,Second Owner,684051
Maruti,21810,Petrol,Second Owner,724982
Hyundai,144848,Petrol,First Owner,358504
Toyota,36523,Petrol,First Owner,793932
Honda,171448,Petrol,First Owner,836953
Tata,128023,Diesel,Second Owner,766474
Hyundai,47867,Petrol,First Owner,617033
Honda,193435,Diesel,First Owner,832646
Fiat,21376,Diesel,First Owner,547428
Maruti,113300,Diesel,Third Owner,596505
Mercedes-Benz,154911,Diesel,First Owner,1836791
Toyota,64480,Petrol,First Owner,685466
Tata,93584,Petrol,First Owner,905874
Honda,149470,Petrol,First Owner,757033
Toyota,98417,LPG,First Owner,778366
Maruti,16026,Diesel,First Owner,758899
Toyota,68509,Petrol,First Owner,1126130
Honda,168303,Petrol,First Owner,286472
Maruti,166256,Petrol,First Owner,381281
Nissan,199105,Diesel,Third Owner,266322
Ford,127102,Petrol,Third Owner,351952
Hyundai,227632,Petrol,Fourth & Above Owner,163433
Renault,45868,Diesel,First Owner,208641
Maruti,133463,Petrol,First Owner,216998
Tata,120559,Petrol,First Owner,768185
Mahindra,4935,Petrol,Test Drive Car,1254609
Hyundai,74404,Diesel,First Owner,266821
Renault,71890,Diesel,First Owner,276479
Honda,216390,Diesel,Third Owner,748288
Datsun,171636,Diesel,Third Owner,175796
Tata,97948,Petrol,Second Owner,240510
Maruti,44367,Petrol,Second Owner,562994
Maruti,87443,Diesel,Second Owner,331832
Hyundai,177789,Petrol,First Owner,999491
Maruti,220259,Petrol,Third Owner,488773
Maruti,212984,Diesel,Second Owner,831028
Ford,186626,CNG,First Owner,244753
Maruti,72348,Petrol,Second Owner,586133
Mercedes-Benz,73902,Petrol,Third Owner,1556083
Tata,116001,Diesel,First Owner,949287
Toyota,107010,Diesel,First Owner,895400
Mahindra,136217,Petrol,First Owner,612570
Mahindra,164108,Petrol,First Owner,701316
Tata,79322,Petrol,First Owner,659056
Chevrolet,123267,Diesel,Second Owner,200979
Tata,154615,Diesel,First Owner,403623
Jaguar,84836,Petrol,First Owner,980273
Honda,101451,Petrol,Second Owner,497563
Mitsubishi,218521,Petrol,Fourth & Above Owner,465329
Hyundai,28398,Petrol,Second Owner,291516
Toyota,119895,Diesel,First Owner,568795
Toyota,86072,Petrol,First Owner,761437
Tata,86678,Petrol,Second Owner,488645
Renault,60183,Petrol,First Owner,810585
Mahindra,40760,Petrol,First Owner,506030
Honda,162134,LPG,First Owner,253129
Maruti,129396,Diesel,Third Owner,513703
Toyota,50044,Petrol,First Owner,553201
Maruti,187710,Petrol,First Owner,900917
Honda,120735,Diesel,Second Owner,688143
Hyundai,229928,Diesel,Fourth & Above Owner,385226
Tata,67825,Diesel,First Owner,1049765
Volvo,167838,Diesel,Third Owner,1485691
Maruti,41937,Diesel,Second Owner,489189
Mahindra,72271,Diesel,Fourth & Above Owner,207846
Honda,32424,Diesel,Second Owner,434372
Mahindra,144628,Petrol,First Owner,387118
Datsun,142742,Petrol,First Owner,552831
Ford,154755,CNG,First Owner,850494
Maruti,144692,Petrol,First Owner,240811
MG,123227,Petrol,First Owner,876402
Mahindra,176219,Petrol,Fourth & Above Owner,359869
Hyundai,139480,Petrol,Third Owner,177126
Mahindra,65159,Diesel,First Owner,1125744
Toyota,134147,Diesel,First Owner,786155
Datsun,103863,Petrol,Fourth & Above Owner,266785
Toyota,34588,Petrol,First Owner,278200
Renault,192965,Petrol,First Owner,408429
Skoda,42448,Petrol,First Owner,704305
Lexus,106053,Petrol,Fourth & Above Owner,579045
Maruti,159790,Petrol,First Owner,752380
Tata,70308,Petrol,Third Owner,595875
Maruti,181460,Petrol,First Owner,652144
Ford,62560,Petrol,Second Owner,359087
Land Rover,194233,Diesel,Second Owner,1768374
Mahindra,18048,Petrol,Second Owner,815495
Mahindra,182784,Petrol,First Owner,298193
Honda,181034,Petrol,First Owner,650026
Jeep,57759,Diesel,Third Owner,957508
Honda,162871,Petrol,Second Owner,374295
Renault,136697,Diesel,First Owner,190249
Tata,169950,Petrol,Second Owner,592971
Maruti,58359,Petrol,Second Owner,744460
Tata,171827,LPG,First Owner,585659
Honda,36847,Petrol,Second Owner,617296
Honda,28453,Diesel,Second Owner,468942
Mahindra,112905,Diesel,First Owner,1003401
Honda,115670,Petrol,First Owner,1024769
Hyundai,213501,Petrol,Second Owner,537886
Volkswagen,70502,CNG,Third Owner,446197
Fiat,100289,Diesel,First Owner,276554
Mahindra,52158,LPG,First Owner,951321
Maruti,71409,Diesel,Fourth & Above Owner,546234
Maruti,140401,Petrol,First Owner,344659
Tata,176673,Diesel,First Owner,515801
Jeep,168592,Petrol,First Owner,435677
Hyundai,72228,CNG,Third Owner,418114
Tata,175412,Diesel,Third Owner,413403
Tata,197710,Petrol,First Owner,436640
Maruti,68092,Petrol,Second Owner,284852
Ford,179530,Diesel,First Owner,910949
Maruti,76987,Petrol,First Owner,441112
Mahindra,129994,Petrol,Third Owner,534799
Tata,198302,Petrol,Second Owner,732525
Honda,133826,Diesel,Second Owner,315771
Maruti,87572,Diesel,Third Owner,177976
Ford,168832,Diesel,Fourth & Above Owner,673495
Mercedes-Benz,62669,Diesel,First Owner,1993617
Isuzu,148824,Petrol,First Owner,937485
MG,143362,Petrol,Second Owner,244905
Maruti,137728,Petrol,Second Owner,523889
Tata,218430,Petrol,Third Owner,577989
Toyota,28978,Petrol,Second Owner,695294
Maruti,28092,Petrol,First Owner,439621
Hyundai,130193,CNG,First Owner,222785
Mercedes-Benz,158269,Petrol,First Owner,557554
Honda,146705,Petrol,Second Owner,512563
Ford,102642,Diesel,Second Owner,560264
Hyundai,34973,LPG,Second Owner,260615
Porsche,182589,Petrol,First Owner,2046488
Maruti,183223,Petrol,First Owner,687046
Hyundai,136912,Petrol,Second Owner,176691
Renault,238175,CNG,Third Owner,283313
Toyota,47721,Diesel,Third Owner,973631
Mahindra,69601,Diesel,Second Owner,303713
Ford,136368,Petrol,First Owner,270990
Mahindra,120935,Diesel,First Owner,930778
Tata,72195,Petrol,Third Owner,394514
Chevrolet,74435,Petrol,Second Owner,637105
Tata,50672,Petrol,First Owner,312192
Mahindra,27992,Petrol,First Owner,612287
Maruti,145368,LPG,Second Owner,248180
Hyundai,62154,Diesel,Second Owner,193207
Tata,84426,Petrol,Second Owner,668130
Tata,217305,Diesel,Third Owner,751127
MG,72977,Diesel,First Owner,1181803
Ford,121093,Diesel,First Owner,912880
Maruti,97979,Petrol,Second Owner,417253
Honda,171476,Petrol,First Owner,397225
Ford,49070,Petrol,First Owner,485267
Mitsubishi,27928,Diesel,Second Owner,768100
Mahindra,44932,Petrol,Third Owner,595425
Ford,59264,Petrol,First Owner,852473
Renault,173438,Petrol,First Owner,681515
Hyundai,204543,Petrol,Fourth & Above Owner,412096
Hyundai,41528,Diesel,First Owner,596551
Fiat,121659,LPG,First Owner,496956
Renault,39900,Petrol,Third Owner,210207
MG,83967,Diesel,First Owner,842252
Hyundai,82070,CNG,Second Owner,256055
Tata,235200,Diesel,Third Owner,227930
Mahindra,188597,Petrol,First Owner,543620
Toyota,93256,Petrol,First Owner,1095143
Renault,134509,Diesel,Second Owner,759691
Renault,181894,Diesel,Second Owner,636308
Toyota,66930,Petrol,First Owner,556566
Honda,59185,Petrol,First Owner,227832
Maruti,69735,Diesel,Fourth & Above Owner,290513
Hyundai,121566,Diesel,First Owner,606926
Mahindra,197385,Petrol,Second Owner,781956
Nissan,97132,Petrol,Second Owner,189528
Maruti,149303,Diesel,First Owner,186066
Toyota,143724,Diesel,Fourth & Above Owner,680444
Honda,27755,Petrol,Second Owner,354306
Audi,112336,Diesel,First Owner,1898857
Ford,25029,Diesel,First Owner,691063
Toyota,146392,Diesel,First Owner,1118779
Maruti,187161,Petrol,Third Owner,507829
Maruti,36425,CNG,Second Owner,396851
Maruti,98785,Petrol,First Owner,185649
Toyota,140485,Petrol,Third Owner,462591
Toyota,51761,Petrol,First Owner,255595
Skoda,168541,Diesel,Fourth & Above Owner,289763
Maruti,142738,Petrol,Third Owner,246743
MG,114709,Petrol,Second Owner,571002
Renault,122795,Petrol,Fourth & Above Owner,455120
Chevrolet,111326,Petrol,First Owner,407834
Audi,88123,Diesel,First Owner,1547188
Honda,73597,Petrol,First Owner,723809
Honda,152989,Petrol,First Owner,354107
Honda,148328,Petrol,First Owner,779386
Honda,93617,CNG,First Owner,314174
Maruti,178958,Petrol,Second Owner,255060
Hyundai,28039,Petrol,Second Owner,613586
Hyundai,120596,Diesel,Second Owner,893803
Maruti,101690,Diesel,First Owner,227289
Ford,196968,Diesel,First Owner,228097
Honda,99514,Petrol,First Owner,428782
Maruti,72081,Petrol,Second Owner,607240
Maruti,135105,Petrol,First Owner,426686
Jeep,80044,Petrol,First Owner,1309948
Toyota,45289,Petrol,Second Owner,595356
Skoda,115833,Petrol,Fourth & Above Owner,355198
Ford,54761,Diesel,First Owner,990586
Toyota,154942,Diesel,First Owner,385861
Tata,26001,Petrol,First Owner,217188
MG,126705,Petrol,Second Owner,939156
Maruti,192114,LPG,First Owner,572388
Hyundai,93654,Diesel,First Owner,484211
Maruti,163066,Petrol,Second Owner,584102
BMW,48092,Petrol,Second Owner,1277185
Mahindra,99922,Diesel,First Owner,839050
Honda,78679,Diesel,Second Owner,825253
Renault,107895,Petrol,First Owner,808089
Hyundai,114078,Diesel,Second Owner,193759
Maruti,49757,Petrol,Second Owner,618097
Hyundai,93760,Petrol,First Owner,894657
Tata,136389,CNG,First Owner,262721
Tata,194754,Petrol,Second Owner,439211
Maruti,140581,Petrol,Second Owner,380673
Skoda,147822,Diesel,First Owner,865354
Toyota,127697,Diesel,Third Owner,811039
Mahindra,130860,Diesel,First Owner,688895
Tata,93440,Petrol,Third Owner,606466
Mahindra,176667,Diesel,First Owner,387733
Ford,151324,Petrol,Second Owner,261631
Hyundai,67658,Petrol,Second Owner,504301
Maruti,45120,Petrol,First Owner,857824
Honda,110382,Petrol,First Owner,995944
Mahindra,52989,Petrol,Fourth & Above Owner,253779
Hyundai,221974,Petrol,Second Owner,322054
Tata,134580,CNG,First Owner,567977
Mahindra,142798,CNG,Second Owner,887732
Honda,109121,Diesel,Second Owner,901334
Datsun,134578,Diesel,First Owner,545389
Mahindra,151254,Diesel,First Owner,883948
Renault,67407,Diesel,Third Owner,188288
Toyota,173754,Petrol,First Owner,237140
Maruti,100650,Petrol,First Owner,517684
Nissan,75619,Petrol,First Owner,716275
Maruti,102562,CNG,First Owner,541454
Honda,171096,Petrol,Second Owner,346415
Honda,65055,Diesel,First Owner,743265
Ford,69022,Petrol,Third Owner,602471
Honda,23918,Petrol,Fourth & Above Owner,124772
Maruti,169151,Petrol,Second Owner,249603
Hyundai,252953,Petrol,Third Owner,583484
Tata,188374,Petrol,First Owner,784857
Maruti,168228,Petrol,Second Owner,545127
Mahindra,69514,Petrol,First Owner,825377
Ford,179039,Diesel,Second Owner,425749
Maruti,121881,Petrol,Fourth & Above Owner,475223
Honda,29951,Petrol,Second Owner,744199
Honda,133879,Diesel,Third Owner,703001
Tata,33411,Diesel,First Owner,916596
Skoda,100773,Diesel,Second Owner,294142
Tata,184606,Diesel,Second Owner,672144
Lexus,268316,Petrol,Third Owner,512705
Toyota,165668,Petrol,First Owner,651815
Hyundai,121663,Petrol,Second Owner,176358
Maruti,161523,Petrol,First Owner,825719
Ford,139929,Petrol,Second Owner,399206
BMW,25206,Petrol,First Owner,2094641
Maruti,154973,Diesel,First Owner,917903
Hyundai,69215,Petrol,Second Owner,901286
Renault,161769,LPG,First Owner,511327
Chevrolet,135052,Petrol,First Owner,390100
Hyundai,194003,Petrol,Second Owner,368767
Hyundai,45160,Petrol,First Owner,914140
Honda,269394,Petrol,Fourth & Above Owner,238225
Renault,99690,Diesel,Third Owner,630981
Toyota,115028,Petrol,First Owner,424665
Maruti,59150,Petrol,First Owner,652783
Tata,79862,Petrol,First Owner,796402
Hyundai,174257,Diesel,First Owner,574851
Nissan,88616,Petrol,First Owner,247696
Maruti,174032,Diesel,Third Owner,406874
Tata,146361,Diesel,First Owner,1055758
Hyundai,132791,Petrol,First Owner,865762
Renault,17344,Diesel,First Owner,667600
Toyota,122800,Petrol,Second Owner,1068638
Honda,43908,Diesel,First Owner,1008545
Toyota,150676,Petrol,Second Owner,1008378
Datsun,112799,Diesel,Second Owner,206675
Honda,164477,Petrol,First Owner,1054128
Hyundai,205264,Petrol,Second Owner,647289
Tata,59842,Petrol,First Owner,202996
Honda,38493,Petrol,Third Owner,238691
Renault,185576,Petrol,Fourth & Above Owner,267037
Hyundai,28137,Petrol,Third Owner,200079
Maruti,202511,Petrol,Second Owner,388203
Honda,5327,Petrol,Test Drive Car,1048208
Toyota,42608,Petrol,First Owner,927190
Isuzu,226482,Petrol,Second Owner,976019
Hyundai,68459,Petrol,First Owner,379208
Hyundai,141819,Petrol,First Owner,289474
Maruti,92163,Diesel,First Owner,1030706
Honda,109175,LPG,Second Owner,201970
Hyundai,30619,Diesel,First Owner,703008
Toyota,130833,Petrol,Fourth & Above Owner,327170
Ford,38107,CNG,Second Owner,317074
Maruti,73110,Petrol,Second Owner,230991
Toyota,120837,CNG,First Owner,889903
Toyota,177307,Petrol,Third Owner,240112
Ford,33935,Diesel,First Owner,519452
MG,21498,Petrol,First Owner,432034
Tata,23990,Petrol,Fourth & Above Owner,539969
Toyota,1341,Diesel,Test Drive Car,2121304
Tata,216335,Diesel,Fourth & Above Owner,480596
Renault,148581,Petrol,Second Owner,211308
Maruti,17825,Petrol,Second Owner,535921
Tata,219492,Diesel,Third Owner,449456
Honda,106384,Diesel,Second Owner,999698
Toyota,245791,Diesel,Fourth & Above Owner,684898
Ford,109717,Diesel,Second Owner,665364
Maruti,93700,Petrol,First Owner,369971
Maruti,137339,Petrol,Second Owner,444261
Volkswagen,57344,Diesel,Third Owner,531047
Tata,178638,Petrol,First Owner,352863
Toyota,68297,Petrol,Second Owner,807784
Maruti,106694,Petrol,First Owner,772512
Hyundai,169026,Diesel,Second Owner,739741
Tata,17515,Petrol,First Owner,234066
Honda,37304,Petrol,Fourth & Above Owner,299693
Mercedes-Benz,190810,Petrol,First Owner,2522470
Maruti,144727,Petrol,First Owner,737023
Maruti,30744,Petrol,First Owner,327592
Toyota,22864,Petrol,Second Owner,793465
Honda,248529,Petrol,Fourth & Above Owner,258384
Toyota,116950,Petrol,Second Owner,299981
Maruti,82877,Petrol,Third Owner,199431
Maruti,57370,Petrol,Fourth & Above Owner,534191
Honda,76426,Petrol,Second Owner,371345
Hyundai,116152,Diesel,First Owner,1085449
Hyundai,49180,LPG,First Owner,398624
Datsun,159339,Petrol,First Owner,183576
Maruti,62909,Petrol,Second Owner,320776
Hyundai,149347,Petrol,First Owner,518365
Toyota,23785,Petrol,First Owner,1082063
Jeep,58528,Petrol,Second Owner,827962
Maruti,15809,LPG,First Owner,246854
Renault,239000,Petrol,Third Owner,464448
Ford,210482,Petrol,Fourth & Above Owner,224587
Hyundai,86424,Diesel,First Owner,681608
Mahindra,71414,Diesel,Second Owner,244253
Tata,149314,Petrol,First Owner,286220
Porsche,104762,Diesel,Second Owner,567150
Hyundai,69356,Petrol,Second Owner,761772
Maruti,172350,Petrol,First Owner,747289
Maruti,165693,CNG,Second Owner,641119
Maruti,39353,Petrol,Fourth & Above Owner,217882
Ford,160188,Diesel,Second Owner,342178
Isuzu,23956,Petrol,First Owner,692769
Renault,3660,Petrol,Test Drive Car,1117319
Fiat,121569,Diesel,First Owner,242133
Jaguar,56927,CNG,First Owner,492008
Tata,41526,Diesel,First Owner,504231
Ford,199055,Petrol,Second Owner,494188
Mahindra,94956,LPG,First Owner,280037
Hyundai,38565,Petrol,First Owner,720384
Hyundai,140670,LPG,Second Owner,203934
Maruti,129328,CNG,First Owner,536132
Ford,173185,CNG,First Owner,522879
Ford,162067,Diesel,Second Owner,770158
Maruti,92683,Petrol,Second Owner,239250
Honda,149622,Petrol,First Owner,328129
Hyundai,135901,Diesel,First Owner,453792
Jaguar,78246,Petrol,First Owner,1902284
Renault,198749,Diesel,First Owner,385340
Hyundai,171254,Petrol,First Owner,286132
Toyota,196885,Petrol,Third Owner,389906
Honda,188920,Diesel,Fourth & Above Owner,507613
Mahindra,98332,Petrol,Third Owner,558433
Toyota,185313,Petrol,First Owner,1070338
Lexus,136474,Petrol,First Owner,620448
Maruti,153466,Petrol,Second Owner,617678
Chevrolet,46347,Diesel,Second Owner,323792
Maruti,24649,Diesel,Third Owner,554273
Honda,48379,Diesel,First Owner,549392
Ford,40283,Diesel,Second Owner,794870
Toyota,145090,Petrol,First Owner,877012
Honda,153249,Petrol,Second Owner,341528
Honda,130664,Petrol,Second Owner,564159
Mahindra,187435,Diesel,Second Owner,817511
Maruti,102901,Diesel,First Owner,530491
Hyundai,89118,Diesel,First Owner,986786
Maruti,73289,Petrol,First Owner,272548
Toyota,107856,Petrol,First Owner,297892
Toyota,7554,Petrol,Test Drive Car,2036943
Maruti,49515,Diesel,Second Owner,649954
Skoda,124051,Diesel,Second Owner,973158
Mahindra,32960,Petrol,First Owner,414467
Mahindra,126652,Diesel,Third Owner,293894
Renault,206396,Petrol,Second Owner,350291
Maruti,71436,Diesel,First Owner,506812
Toyota,138296,Petrol,Second Owner,256843
Nissan,153212,Petrol,Second Owner,625193
Skoda,208874,Petrol,Fourth & Above Owner,702962
Toyota,90735,Petrol,First Owner,758461
Hyundai,34725,Petrol,Second Owner,552388
Maruti,126759,Diesel,First Owner,588976
Audi,32423,Petrol,First Owner,978979
Hyundai,53745,Petrol,First Owner,427825
Mercedes-Benz,162306,Diesel,First Owner,1962757
Toyota,170483,Diesel,First Owner,896526
Hyundai,178879,Diesel,Third Owner,171420
Maruti,32763,Petrol,Second Owner,393592
Hyundai,155590,CNG,First Owner,619255
Datsun,278925,Petrol,Fourth & Above Owner,264582
Hyundai,285667,Petrol,Fourth & Above Owner,498979
Tata,95986,Diesel,First Owner,518232
Tata,102199,CNG,Third Owner,446461
Maruti,36941,Diesel,Fourth & Above Owner,322679
Tata,78002,Diesel,Third Owner,308259
Mahindra,84070,Petrol,First Owner,452537
Mahindra,200851,Diesel,First Owner,413817
Maruti,32583,Petrol,Second Owner,612570
Tata,81093,Petrol,First Owner,409066
MG,28624,Diesel,Second Owner,580509
Honda,133608,Petrol,First Owner,395724
Jeep,50786,Diesel,First Owner,1136764
Maruti,66547,Petrol,Second Owner,406948
Nissan,173212,Petrol,First Owner,502327
Maruti,105794,Diesel,Second Owner,509367
Mercedes-Benz,170919,CNG,First Owner,1949648
Renault,164673,Diesel,Third Owner,248945
Hyundai,30766,Petrol,Third Owner,557320
Hyundai,24238,Petrol,Second Owner,376850
Mahindra,43562,Diesel,Second Owner,919736
Tata,219480,Petrol,Third Owner,334304
Maruti,37195,Diesel,First Owner,742053
Kia,47739,Petrol,Second Owner,577117
Mahindra,100326,Petrol,First Owner,911538
Tata,184514,Petrol,First Owner,359552
Hyundai,123788,Petrol,First Owner,544426
Hyundai,117626,Diesel,Second Owner,720653
Renault,35804,Petrol,First Owner,655903
Honda,151198,Diesel,Second Owner,470118
Toyota,131870,Petrol,First Owner,701465
Tata,223903,Diesel,Third Owner,258701
Maruti,153033,CNG,First Owner,750878
Honda,40401,Diesel,Second Owner,899009
Toyota,34417,Petrol,First Owner,1167949
Honda,150307,Diesel,Third Owner,645044
Maruti,47832,Petrol,First Owner,550991
Nissan,130456,Petrol,First Owner,493620
Honda,94557,Petrol,First Owner,696565
Land Rover,14558,Petrol,First Owner,1482026
Honda,6934,Diesel,Test Drive Car,1972034
Honda,204452,Petrol,First Owner,638298
Ford,200826,LPG,Second Owner,240029
Toyota,158511,Diesel,First Owner,351860
Maruti,111613,Petrol,First Owner,761185
Hyundai,122849,Diesel,Fourth & Above Owner,557183
Maruti,45172,Diesel,First Owner,761772
Toyota,112283,CNG,Fourth & Above Owner,157469
Maruti,168059,CNG,Second Owner,246106
Maruti,27551,Petrol,First Owner,640162
Mercedes-Benz,128105,Diesel,Third Owner,1049513
Nissan,40521,Petrol,Second Owner,613014
Honda,40559,Petrol,First Owner,402058
Fiat,135577,Petrol,Third Owner,613840
MG,116163,Petrol,Third Owner,470393
Renault,162097,Petrol,First Owner,280356
Audi,165877,Petrol,Second Owner,1332997
Ford,53145,Diesel,First Owner,376573
Hyundai,68192,Diesel,First Owner,934527
Maruti,163371,Diesel,First Owner,874140
Isuzu,63993,CNG,Fourth & Above Owner,175128
Toyota,61622,LPG,Second Owner,608262
Chevrolet,117415,Diesel,Second Owner,585720
Toyota,198333,Diesel,Second Owner,586855
Maruti,85929,Petrol,First Owner,284076
Honda,62428,Petrol,Second Owner,440365
Toyota,53862,Petrol,First Owner,817603
Hyundai,46628,Petrol,Second Owner,678261
Mahindra,24557,Diesel,First Owner,290271
Maruti,152392,Petrol,First Owner,610419
Hyundai,73896,CNG,First Owner,512955
Mahindra,42572,Diesel,First Owner,953407
Volkswagen,63183,Diesel,First Owner,620937
Tata,56832,CNG,First Owner,489435
Hyundai,103044,Diesel,First Owner,893924
Maruti,191602,Petrol,Second Owner,599713
Maruti,175322,Diesel,First Owner,753101
Maruti,81958,Petrol,Second Owner,339555
Hyundai,182466,Petrol,Third Owner,252996
Honda,181137,Diesel,Second Owner,695101
Honda,182651,Diesel,Second Owner,1042148
Maruti,66586,Diesel,First Owner,624276
Maruti,162890,Diesel,Second Owner,299923
Mahindra,90055,Petrol,First Owner,341634
Honda,152579,Diesel,First Owner,602308
Hyundai,23502,Petrol,First Owner,684016
Honda,88577,Petrol,First Owner,593520
Toyota,142803,Diesel,Second Owner,681777
Mahindra,119270,Petrol,First Owner,318502
Skoda,151962,Petrol,First Owner,615700
Tata,171159,Petrol,Second Owner,514713
